{
  "suit.imposter": {
    "sounds": [
      "suit/imposter"
    ],
    "category": "player"
  },
  "suit.imposterremix": {
    "sounds": [
      "suit/imposterremix"
    ],
    "category": "player"
  },
  "suit.groundsmash": {
    "sounds": [
      "suit/groundsmash"
    ],
    "category": "player"
  },
  "suit.minigun": {
    "sounds": [
      "suit/minigun"
    ],
    "category": "player"
  },
  "suit.minigun.shoot": {
    "sounds": [
      "suit/minigun_shoot"
    ],
    "category": "player"
  },
  "suit.minigun.spin": {
    "sounds": [
      "suit/minigun_spin"
    ],
    "category": "player"
  },
  "suit.minigun.start": {
    "sounds": [
      "suit/minigun_start"
    ],
    "category": "player"
  },
  "suit.minigun.stop": {
    "sounds": [
      "suit/minigun_stop"
    ],
    "category": "player"
  },
  "suit.minigun.windown": {
    "sounds": [
      "suit/minigun_windown"
    ],
    "category": "player"
  },
  "suit.minigun.windup": {
    "sounds": [
      "suit/minigun_windup"
    ],
    "category": "player"
  },
  "suit.lantern.enable": {
    "sounds": [
      "suit/lantern_enable"
    ],
    "category": "player"
  },
  "suit.lantern.disable": {
    "sounds": [
      "suit/lantern_disable"
    ],
    "category": "player"
  },
  "suit.lantern.hammer.enable": {
    "sounds": [
      "suit/lantern_hammer_enable"
    ],
    "category": "player"
  },
  "suit.lantern.hammer.disable": {
    "sounds": [
      "suit/lantern_hammer_disable"
    ],
    "category": "player"
  },
  "suit.lantern.blast": {
    "sounds": [
      "suit/lantern_blast"
    ],
    "category": "player"
  },
  "suit.landing": {
    "sounds": [
      "suit/landing"
    ],
    "category": "player"
  },
  "suit.sonicboom": {
    "sounds": [
      "suit/sonic_boom"
    ],
    "category": "player"
  },
  "suit.ikaris.blast": {
    "sounds": [
      "suit/ikaris_blast"
    ],
    "category": "player"
  },
  "suit.hoverg": {
    "sounds": [
      "suit/hoverg"
    ],
    "category": "player"
  },
  "suit.heatdcu": {
    "sounds": [
      "suit/heatdcu"
    ],
    "category": "player"
  },
    "suit.frezeend": {
    "sounds": [
      "suit/frezeend"
    ],
    "category": "player"
  },
    "suit.frezeloop": {
    "sounds": [
      "suit/frezeloop"
    ],
    "category": "player"
  },
    "suit.frezestart": {
    "sounds": [
      "suit/frezestart"
    ],
    "category": "player"
  },
  "suit.dcustart": {
    "sounds": [
      "suit/dcustart"
    ],
    "category": "player"
  },
  "suit.homestart": {
    "sounds": [
      "suit/homestart"
    ],
    "category": "player"
  },
  "suit.suiton": {
    "sounds": [
      "suit/suiton"
    ],
    "category": "player"
  },
  "suit.suitoff": {
    "sounds": [
      "suit/suitoff"
    ],
    "category": "player"
  },
  "suit.mk85beam": {
    "sounds": [
      "suit/mk85beam"
    ],
    "category": "player"
  },
  "suit.mk85beams": {
    "sounds": [
      "suit/mk85beams"
    ],
    "category": "player"
  },
  "suit.supermansuit": {
    "sounds": [
      "suit/supermansuit"
    ],
    "category": "player"
  },
    "suit.shloop": {
    "sounds": [
      "suit/shloop"
    ],
    "category": "player"
  },
    "suit.shstart": {
    "sounds": [
      "suit/shstart"
    ],
    "category": "player"
  },
    "suit.shsuit": {
    "sounds": [
      "suit/shsuit"
    ],
    "category": "player"
  },
  "suit.ikarisstart": {
    "sounds": [
      "suit/ikarisstart"
    ],
    "category": "player"
  }
}