{
  "suit.groundsmash": {
    "sounds": [
      "suit/groundsmash"
    ],
    "category": "player"
  },
  "block": {
    "sounds": [
      "block1",
      "block2",
      "block3",
      "block4",
      "block5",
      "block6",
      "block7",
      "block8"
    ],
    "category": "player"
  },
  "block2": {
    "sounds": [
      "block1",
      "block2",
      "block3",
      "block4",
      "block5",
      "block6",
      "block7",
      "block8"
    ],
    "category": "player"
  },
  "chokehum": {
    "sounds": [
      "chokehum"
    ],
    "category": "player"
  },
  "choke": {
    "sounds": [
      "choke"
    ],
    "category": "player"
  },
  "sadow": {
    "sounds": [
      "sadow"
    ],
    "category": "player"
  },
  "forcejump": {
    "sounds": [
      "forcejump"
    ],
    "category": "player"
  },
  "forcepush": {
    "sounds": [
      "forcepush"
    ],
    "category": "player"
  },
  "bum": {
    "sounds": [
      "bum1",
      "bum2",
      "bum3",
      "bum4",
      "bum5",
      "bum6"
    ],
    "category": "player"
  },
  "hit": {
    "sounds": [
      "hit1",
      "hit2",
      "hit3",
      "hit4",
      "hit5",
      "hit6",
      "hit7",
      "hit8",
      "hit9",
      "hit10"
    ],
    "category": "player"
  },
  "hum1": {
    "sounds": [
      "hum1"
    ],
    "category": "player"
  },
  "lightoff": {
    "sounds": [
      "ligoff1",
      "ligoff2",
      "ligoff3"
    ],
    "category": "player"
  },
  "ligt": {
    "sounds": [
      "ligt1",
      "ligt2",
      "ligt3",
      "ligt4",
      "ligt5"
    ],
    "category": "player"
  },
  "grabli2": {
    "sounds": [
      "off11"
    ],
    "category": "player"
  },
  "lighton": {
    "sounds": [
      "on1",
	  "on2",
	  "on3"
    ],
    "category": "player"
  },
  "boblaster": {
    "sounds": [
      "bo1",
	  "bo2"
    ],
    "category": "player"
  },
  "grabli": {
    "sounds": [
      "on11"
    ],
    "category": "player"
  },
  "pun": {
    "sounds": [
      "p1",
      "p2",
      "p3",
      "p4",
      "p5",
      "p6"
    ],
    "category": "player"
  },
  "grapple.shoot": {
    "sounds": [
      "grapple_shoot"
    ],
    "category": "player"
  },
  "grapple.stress.loop": {
    "sounds": [
      "grapple_stress_loop"
    ],
    "category": "player"
  },
  "suit.lantern.enable": {
    "sounds": [
      "suit/lantern_enable"
    ],
    "category": "player"
  },
  "suit.lantern.disable": {
    "sounds": [
      "suit/lantern_disable"
    ],
    "category": "player"
  },
  "suit.lantern.hammer.enable": {
    "sounds": [
      "suit/lantern_hammer_enable"
    ],
    "category": "player"
  },
  "suit.lantern.hammer.disable": {
    "sounds": [
      "suit/lantern_hammer_disable"
    ],
    "category": "player"
  },
  "suit.lantern.blast": {
    "sounds": [
      "suit/lantern_blast"
    ],
    "category": "player"
  },
  "suit.landing": {
    "sounds": [
      "suit/landing"
    ],
    "category": "player"
  },
  "suit.ikaris.blast": {
    "sounds": [
      "suit/ikaris_blast"
    ],
    "category": "player"
  },
  "suit.hoverg": {
    "sounds": [
      "suit/hoverg"
    ],
    "category": "player"
  },
  "suit.heatdcu": {
    "sounds": [
      "suit/heatdcu"
    ],
    "category": "player"
  },
    "suit.frezeend": {
    "sounds": [
      "suit/frezeend"
    ],
    "category": "player"
  },
    "suit.frezeloop": {
    "sounds": [
      "suit/frezeloop"
    ],
    "category": "player"
  },
    "suit.frezestart": {
    "sounds": [
      "suit/frezestart"
    ],
    "category": "player"
  },
  "suit.dcustart": {
    "sounds": [
      "suit/dcustart"
    ],
    "category": "player"
  },
  "suit.homestart": {
    "sounds": [
      "suit/homestart"
    ],
    "category": "player"
  },
  "suit.suiton": {
    "sounds": [
      "suit/suiton"
    ],
    "category": "player"
  },
  "suit.suitoff": {
    "sounds": [
      "suit/suitoff"
    ],
    "category": "player"
  },
  "suit.mk85beam": {
    "sounds": [
      "suit/mk85beam"
    ],
    "category": "player"
  },
  "suit.mk85beams": {
    "sounds": [
      "suit/mk85beams"
    ],
    "category": "player"
  },
  "suit.supermansuit": {
    "sounds": [
      "suit/supermansuit"
    ],
    "category": "player"
  },
    "suit.shloop": {
    "sounds": [
      "suit/shloop"
    ],
    "category": "player"
  },
    "suit.shstart": {
    "sounds": [
      "suit/shstart"
    ],
    "category": "player"
  },
    "suit.shsuit": {
    "sounds": [
      "suit/shsuit"
    ],
    "category": "player"
  },
  "suit.ikarisstart": {
    "sounds": [
      "suit/ikarisstart"
    ],
    "category": "player"
  },
  "suit.repulsor.blast": {
    "sounds": [
      "suit/repulsor_blast"
    ],
    "category": "player"
  },
  "suit.repulsor.blast2": {
    "sounds": [
      "suit/repulsor_blast2"
    ],
    "category": "player"
  },
    "suit.missile": {
    "sounds": [
      "suit/missile"
    ],
    "category": "player"
  },
    "suit.missile2": {
    "sounds": [
      "suit/missile2"
    ],
    "category": "player"
  },
    "suit.missiles": {
    "sounds": [
      "suit/missiles"
    ],
    "category": "player"
  },
  "suit.lanternon": {
    "sounds": [
      "suit/lanternon"
    ],
    "category": "player"
  },
  "suit.lanternoff": {
    "sounds": [
      "suit/lanternoff"
    ],
    "category": "player"
  },
    "suit.unibeam.charge": {
    "sounds": [
      "suit/unibeam_charge"
    ],
    "category": "player"
  },
   "suit.jump": {
    "sounds": [
      "suit/jump1",
      "suit/jump2"
    ],
    "category": "player"
  },
   "suit.mjonirt": {
    "sounds": [
      "suit/mjonirt"
    ],
    "category": "player"
  },
   "suit.sbthrow": {
    "sounds": [
      "suit/sbthrow"
    ],
    "category": "player"
  },
   "suit.mjonirspin": {
    "sounds": [
      "suit/mjonirspin"
    ],
    "category": "player"
  },
	"suit.sbspin": {
    "sounds": [
      "suit/sbspin"
    ],
    "category": "player"
  },
   "suit.mjonirget": {
    "sounds": [
      "suit/mjonirget"
    ],
    "category": "player"
  },
   "suit.mjonirboost": {
    "sounds": [
      "suit/mjonirboost",
	  "suit/mjonirt"
    ],
    "category": "player"
  },
   "suit.sbboost": {
    "sounds": [
      "suit/sbboost",
	  "suit/sbattack2",
	  "suit/sbattack1"
    ],
    "category": "player"
  },
   "suit.mjonirhit": {
    "sounds": [
      "suit/mjonirhit",
      "suit/mjonirhit2"
    ],
    "category": "player"
  },
  "suit.hpunch": {
    "sounds": [
      "suit/punch1",
	  "suit/punch2",
      "suit/punch3"
    ],
    "category": "player"
  },
  "suit.impunch": {
    "sounds": [
      "suit/impunch2",
	  "suit/impunch3"
    ],
    "category": "player"
  },
  "suit.impunchb": {
    "sounds": [
      "suit/impunchb1",
	  "suit/impunchb2",
	  "suit/impunchb3"
    ],
    "category": "player"
  },
   "suit.impuncho": {
    "sounds": [
      "suit/impunch",
	 "suit/impunch2",
	  "suit/impunch3"
    ],
    "category": "player"
  },
	"suit.sbpunch": {
    "sounds": [
      "suit/sbsuperhit",
	 "suit/sbsuperhit2",
	 "suit/sbsuperhit3"
    ],
    "category": "player"
  },
   "suit.thloop": {
    "sounds": [
      "suit/thloop"
    ],
    "category": "player"
  },
   "suit.hmloop": {
    "sounds": [
      "suit/hmloop"
    ],
    "category": "player"
  },
   "suit.hmstart": {
    "sounds": [
      "suit/hmstart"
    ],
    "category": "player"
  },
   "suit.bifrostgg": {
    "sounds": [
      "suit/bifrostgg"
    ],
    "category": "player"
  },
   "suit.sonicboom": {
    "sounds": [
      "suit/sonicboom"
    ],
    "category": "player"
  },
   "suit.superwind": {
    "sounds": [
      "suit/superwind"
    ],
    "category": "player"
  },
   "suit.blastermando": {
    "sounds": [
      "suit/blastermando"
    ],
    "category": "player"
  },
    "suit.imland": {
    "sounds": [
      "suit/imland"
    ],
    "category": "player"
  }
}