{
  "suit.groundsmash": {
    "sounds": [
      "suit/groundsmash"
    ],
    "category": "player"
  },
  "suit.lantern.enable": {
    "sounds": [
      "suit/lantern_enable"
    ],
    "category": "player"
  },
  "suit.lantern.disable": {
    "sounds": [
      "suit/lantern_disable"
    ],
    "category": "player"
  },
  "suit.lantern.hammer.enable": {
    "sounds": [
      "suit/lantern_hammer_enable"
    ],
    "category": "player"
  },
  "suit.lantern.hammer.disable": {
    "sounds": [
      "suit/lantern_hammer_disable"
    ],
    "category": "player"
  },
  "suit.lantern.blast": {
    "sounds": [
      "suit/lantern_blast"
    ],
    "category": "player"
  },
  "suit.landing": {
    "sounds": [
      "suit/landing"
    ],
    "category": "player"
  },
  "suit.sonicboom": {
    "sounds": [
      "suit/sonic_boom"
    ],
    "category": "player"
  },
  "suit.ikaris.blast": {
    "sounds": [
      "suit/ikaris_blast"
    ],
    "category": "player"
  },
  "suit.hoverg": {
    "sounds": [
      "suit/hoverg"
    ],
    "category": "player"
  },
  "suit.heatdcu": {
    "sounds": [
      "suit/heatdcu"
    ],
    "category": "player"
  },
    "suit.frezeend": {
    "sounds": [
      "suit/frezeend"
    ],
    "category": "player"
  },
    "suit.frezeloop": {
    "sounds": [
      "suit/frezeloop"
    ],
    "category": "player"
  },
    "suit.frezestart": {
    "sounds": [
      "suit/frezestart"
    ],
    "category": "player"
  },
  "suit.dcustart": {
    "sounds": [
      "suit/dcustart"
    ],
    "category": "player"
  },
  "suit.homestart": {
    "sounds": [
      "suit/homestart"
    ],
    "category": "player"
  },
  "suit.suiton": {
    "sounds": [
      "suit/suiton"
    ],
    "category": "player"
  },
  "suit.suitoff": {
    "sounds": [
      "suit/suitoff"
    ],
    "category": "player"
  },
  "suit.mk85beam": {
    "sounds": [
      "suit/mk85beam"
    ],
    "category": "player"
  },
  "suit.mk85beams": {
    "sounds": [
      "suit/mk85beams"
    ],
    "category": "player"
  },
  "suit.supermansuit": {
    "sounds": [
      "suit/supermansuit"
    ],
    "category": "player"
  },
    "suit.shloop": {
    "sounds": [
      "suit/shloop"
    ],
    "category": "player"
  },
    "suit.shstart": {
    "sounds": [
      "suit/shstart"
    ],
    "category": "player"
  },
    "suit.shsuit": {
    "sounds": [
      "suit/shsuit"
    ],
    "category": "player"
  },
  "suit.ikarisstart": {
    "sounds": [
      "suit/ikarisstart"
    ],
    "category": "player"
  },
  "suit.repulsor.blast": {
    "sounds": [
      "suit/repulsor_blast"
    ],
    "category": "player"
  },
  "suit.repulsor.blast2": {
    "sounds": [
      "suit/repulsor_blast2"
    ],
    "category": "player"
  },
    "suit.missile": {
    "sounds": [
      "suit/missile"
    ],
    "category": "player"
  },
    "suit.missile2": {
    "sounds": [
      "suit/missile2"
    ],
    "category": "player"
  },
    "suit.missiles": {
    "sounds": [
      "suit/missiles"
    ],
    "category": "player"
  },
  "suit.lanternon": {
    "sounds": [
      "suit/lanternon"
    ],
    "category": "player"
  },
  "suit.lanternoff": {
    "sounds": [
      "suit/lanternoff"
    ],
    "category": "player"
  },
    "suit.unibeam.charge": {
    "sounds": [
      "suit/unibeam_charge"
    ],
    "category": "player"
  },
   "suit.jump": {
    "sounds": [
      "suit/jump1",
      "suit/jump2"
    ],
    "category": "player"
  },
   "suit.mjonirt": {
    "sounds": [
      "suit/mjonirt"
    ],
    "category": "player"
  },
   "suit.mjonirspin": {
    "sounds": [
      "suit/mjonirspin"
    ],
    "category": "player"
  },
   "suit.mjonirget": {
    "sounds": [
      "suit/mjonirget"
    ],
    "category": "player"
  },
   "suit.mjonirboost": {
    "sounds": [
      "suit/mjonirboost",
	  "suit/mjonirt"
    ],
    "category": "player"
  },
   "suit.mjonirhit": {
    "sounds": [
      "suit/mjonirhit",
      "suit/mjonirhit2"
    ],
    "category": "player"
  },
    "suit.imland": {
    "sounds": [
      "suit/imland"
    ],
    "category": "player"
  }
}